<?xml version="1.0" encoding="UTF-8"?>
<root>
  <item name="com.longtailvideo.jwplayer.configuration.PlayerConfig java.lang.String getLogoPosition()">
    <annotation name="androidx.annotation.StringDef">
      <val name="value" val="{com.longtailvideo.jwplayer.configuration.PlayerConfig.LOGO_POSITION_TOP_LEFT, com.longtailvideo.jwplayer.configuration.PlayerConfig.LOGO_POSITION_TOP_RIGHT, com.longtailvideo.jwplayer.configuration.PlayerConfig.LOGO_POSITION_BOTTOM_LEFT, com.longtailvideo.jwplayer.configuration.PlayerConfig.LOGO_POSITION_BOTTOM_RIGHT}" />
    </annotation>
  </item>
  <item name="com.longtailvideo.jwplayer.configuration.PlayerConfig java.lang.String getStretching()">
    <annotation name="androidx.annotation.StringDef">
      <val name="value" val="{com.longtailvideo.jwplayer.configuration.PlayerConfig.STRETCHING_UNIFORM, com.longtailvideo.jwplayer.configuration.PlayerConfig.STRETCHING_FILL, com.longtailvideo.jwplayer.configuration.PlayerConfig.STRETCHING_EXACT_FIT, com.longtailvideo.jwplayer.configuration.PlayerConfig.STRETCHING_NONE}" />
    </annotation>
  </item>
  <item name="com.longtailvideo.jwplayer.configuration.PlayerConfig void setLogoPosition(java.lang.String) 0">
    <annotation name="androidx.annotation.StringDef">
      <val name="value" val="{com.longtailvideo.jwplayer.configuration.PlayerConfig.LOGO_POSITION_TOP_LEFT, com.longtailvideo.jwplayer.configuration.PlayerConfig.LOGO_POSITION_TOP_RIGHT, com.longtailvideo.jwplayer.configuration.PlayerConfig.LOGO_POSITION_BOTTOM_LEFT, com.longtailvideo.jwplayer.configuration.PlayerConfig.LOGO_POSITION_BOTTOM_RIGHT}" />
    </annotation>
  </item>
  <item name="com.longtailvideo.jwplayer.configuration.PlayerConfig void setStretching(java.lang.String) 0">
    <annotation name="androidx.annotation.StringDef">
      <val name="value" val="{com.longtailvideo.jwplayer.configuration.PlayerConfig.STRETCHING_UNIFORM, com.longtailvideo.jwplayer.configuration.PlayerConfig.STRETCHING_FILL, com.longtailvideo.jwplayer.configuration.PlayerConfig.STRETCHING_EXACT_FIT, com.longtailvideo.jwplayer.configuration.PlayerConfig.STRETCHING_NONE}" />
    </annotation>
  </item>
  <item name="com.longtailvideo.jwplayer.configuration.PlayerConfig.Builder com.longtailvideo.jwplayer.configuration.PlayerConfig.Builder logoPosition(java.lang.String) 0">
    <annotation name="androidx.annotation.StringDef">
      <val name="value" val="{com.longtailvideo.jwplayer.configuration.PlayerConfig.LOGO_POSITION_TOP_LEFT, com.longtailvideo.jwplayer.configuration.PlayerConfig.LOGO_POSITION_TOP_RIGHT, com.longtailvideo.jwplayer.configuration.PlayerConfig.LOGO_POSITION_BOTTOM_LEFT, com.longtailvideo.jwplayer.configuration.PlayerConfig.LOGO_POSITION_BOTTOM_RIGHT}" />
    </annotation>
  </item>
  <item name="com.longtailvideo.jwplayer.configuration.PlayerConfig.Builder com.longtailvideo.jwplayer.configuration.PlayerConfig.Builder stretching(java.lang.String) 0">
    <annotation name="androidx.annotation.StringDef">
      <val name="value" val="{com.longtailvideo.jwplayer.configuration.PlayerConfig.STRETCHING_UNIFORM, com.longtailvideo.jwplayer.configuration.PlayerConfig.STRETCHING_FILL, com.longtailvideo.jwplayer.configuration.PlayerConfig.STRETCHING_EXACT_FIT, com.longtailvideo.jwplayer.configuration.PlayerConfig.STRETCHING_NONE}" />
    </annotation>
  </item>
</root>

